{"cameraMode":{"drawMode":0,"name":"Shaded","section":"Shading Mode"},"sceneLighting":true,"audioPlay":false,"sceneViewState":{"m_AlwaysRefresh":false,"showFog":true,"showSkybox":true,"showFlares":true,"showImageEffects":true,"showParticleSystems":true,"showVisualEffectGraphs":true,"m_FxEnabled":true},"in2DMode":false,"pivot":{"x":70.5621566772461,"y":41.770042419433597,"z":96.03085327148438},"rotation":{"x":0.02680405043065548,"y":0.6373292803764343,"z":-0.022201187908649446,"w":0.7698567509651184},"size":11.411661148071289,"orthographic":false}